Injection pressure (mmHg),Mean normal normal,SD normal normal,N normal normal,Mean elevated normal,SD elevated normal,N elevated normal,Mean normal minor,SD normal minor,N normal minor,Mean elevated minor,SD elevated minor,N elevated minor,Mean normal moderate,SD normal moderate,N normal moderate,Mean elevated moderate,SD elevated moderate,N elevated moderate,Mean normal profound,SD normal profound,N normal profound,Mean elevated profound,SD elevated profound,N elevated profound
0,74.00617638697845,4.733891465669654,13086.0,69.58739086046157,4.733798389630801,13086.0,72.85257743389883,4.733939558997722,13086.0,69.15866787406388,4.733872667237492,13086.0,58.769213907993276,4.7338992502656785,13086.0,55.79859935809262,4.733861394275488,13086.0,27.51387578327984,4.733613332260048,13086.0,23.30794244230475,4.733563792839816,13086.0
10,72.88086566304956,4.804071572585239,39258.0,68.33842680218045,4.822012761842135,39258.0,71.69600649803861,4.808486088913287,39258.0,67.89714826786897,4.824048355178095,39258.0,57.172815545876006,4.885958275623988,39258.0,54.09612960415712,4.909376160638037,39258.0,24.814248983646646,5.327591069879567,39258.0,20.53231926486321,5.426684150453779,39258.0
20,72.0191073284426,4.981213117781088,39258.0,67.4298656095573,5.031262835282533,39258.0,70.82078038616332,4.993789941963688,39258.0,66.98473347852668,5.036632217065104,39258.0,56.22265953181517,5.205907386143886,39258.0,53.163918658617355,5.269557421239594,39258.0,25.90244749605176,5.787521754064739,39258.0,22.463729848693262,5.885339988486318,39258.0
30,71.46562123134139,5.202045430132166,39258.0,66.91936011004127,5.297814147113416,39258.0,70.27623028936777,5.225995598183368,39258.0,66.47993988486424,5.307664440470223,39258.0,55.98154056498039,5.538298901308032,39258.0,53.06435376738499,5.58800431139548,39258.0,29.97944964593204,6.242248159830715,39258.0,27.77149057007489,6.376363015550388,39258.0
