Group A Mean,Group A SD,Group A N,Group B Mean,Group B SD,Group B N
0.36211400000000005,0.597201208078031,500,0.5966464000000001,0.9012671062457795,500
